1,146,310,around80days_01_verne_64kb.mp3,,
2,317,427,around80days_02_verne_64kb.mp3,,
3,434,704,around80days_03_verne_64kb.mp3,,
4,711,855,around80days_04_verne_64kb.mp3,,
5,863,965,around80days_05_verne_64kb.mp3,,
6,972,1137,around80days_06_verne_64kb.mp3,,
7,1144,1255,around80days_07_verne_64kb.mp3,,
8,1262,1440,around80days_08_verne_64kb.mp3,,
9,1447,1625,around80days_09_verne_64kb.mp3,,
10,1632,1801,around80days_10_verne_64kb.mp3,,
11,1808,2102,around80days_11_verne_64kb.mp3,,
12,2109,2359,around80days_12_verne_64kb.mp3,,
13,2366,2605,around80days_13_verne_64kb.mp3,,
14,2612,2818,around80days_14_verne_64kb.mp3,,
15,2825,3091,around80days_15_verne_64kb.mp3,,
16,3098,3271,around80days_16_verne_64kb.mp3,,
17,3278,3474,around80days_17_verne_64kb.mp3,,
18,3481,3638,around80days_18_verne_64kb.mp3,,
19,3645,3918,around80days_19_verne_64kb.mp3,,
20,3925,4175,around80days_20_verne_64kb.mp3,,
21,4182,4473,around80days_21_verne_64kb.mp3,,
22,4480,4705,around80days_22_verne_64kb.mp3,,
23,4712,4957,around80days_23_verne_64kb.mp3,,
24,4964,5180,around80days_24_verne_64kb.mp3,,
25,5187,5429,around80days_25_verne_64kb.mp3,,
26,5436,5611,around80days_26_verne_64kb.mp3,,
27,5618,5823,around80days_27_verne_64kb.mp3,,
28,5830,6147,around80days_28_verne_64kb.mp3,,
29,6154,6435,around80days_29_verne_64kb.mp3,,
30,6442,6718,around80days_30_verne_64kb.mp3,,
31,6725,6931,around80days_31_verne_64kb.mp3,,
32,6938,7102,around80days_32_verne_64kb.mp3,,
33,7109,7412,around80days_33_verne_64kb.mp3,,
34,7419,7532,around80days_34_verne_64kb.mp3,,
35,7539,7743,around80days_35_verne_64kb.mp3,,
36,7750,7884,around80days_36_verne_64kb.mp3,,
37,7891,8036,around80days_37_verne_64kb.mp3,,
